conceptid,PrefLabel,AltLabels,ParentConceptid,ConceptType,Provider
FROM:001,14000000 BC,,FROM_DATE_AUTHORITY_DOCUMENT.csv,Index,Eamena
FROM:002,700000 BC,,FROM_DATE_AUTHORITY_DOCUMENT.csv,Index,Eamena
FROM:003,400000 BC,,FROM_DATE_AUTHORITY_DOCUMENT.csv,Index,Eamena
FROM:004,250000 BC,,FROM_DATE_AUTHORITY_DOCUMENT.csv,Index,Eamena
FROM:005,150000 BC,,FROM_DATE_AUTHORITY_DOCUMENT.csv,Index,Eamena
FROM:006,100000 BC,,FROM_DATE_AUTHORITY_DOCUMENT.csv,Index,Eamena
FROM:007,80000 BC,,FROM_DATE_AUTHORITY_DOCUMENT.csv,Index,Eamena
FROM:008,73000 BC,,FROM_DATE_AUTHORITY_DOCUMENT.csv,Index,Eamena
FROM:009,70000 BC,,FROM_DATE_AUTHORITY_DOCUMENT.csv,Index,Eamena
FROM:010,50000 BC,,FROM_DATE_AUTHORITY_DOCUMENT.csv,Index,Eamena
FROM:011,45000 BC,,FROM_DATE_AUTHORITY_DOCUMENT.csv,Index,Eamena
FROM:012,24000 BC,,FROM_DATE_AUTHORITY_DOCUMENT.csv,Index,Eamena
FROM:013,18000 BC,,FROM_DATE_AUTHORITY_DOCUMENT.csv,Index,Eamena
FROM:014,12500 BC,,FROM_DATE_AUTHORITY_DOCUMENT.csv,Index,Eamena
FROM:015,10700 BC,,FROM_DATE_AUTHORITY_DOCUMENT.csv,Index,Eamena
FROM:016,10000 BC,,FROM_DATE_AUTHORITY_DOCUMENT.csv,Index,Eamena
FROM:017,9950 BC,,FROM_DATE_AUTHORITY_DOCUMENT.csv,Index,Eamena
FROM:018,9900 BC,,FROM_DATE_AUTHORITY_DOCUMENT.csv,Index,Eamena
FROM:019,9850 BC,,FROM_DATE_AUTHORITY_DOCUMENT.csv,Index,Eamena
FROM:020,9800 BC,,FROM_DATE_AUTHORITY_DOCUMENT.csv,Index,Eamena
FROM:021,9750 BC,,FROM_DATE_AUTHORITY_DOCUMENT.csv,Index,Eamena
FROM:022,9700 BC,,FROM_DATE_AUTHORITY_DOCUMENT.csv,Index,Eamena
FROM:023,9650 BC,,FROM_DATE_AUTHORITY_DOCUMENT.csv,Index,Eamena
FROM:024,9600 BC,,FROM_DATE_AUTHORITY_DOCUMENT.csv,Index,Eamena
FROM:025,9550 BC,,FROM_DATE_AUTHORITY_DOCUMENT.csv,Index,Eamena
FROM:026,9500 BC,,FROM_DATE_AUTHORITY_DOCUMENT.csv,Index,Eamena
FROM:027,9450 BC,,FROM_DATE_AUTHORITY_DOCUMENT.csv,Index,Eamena
FROM:028,9400 BC,,FROM_DATE_AUTHORITY_DOCUMENT.csv,Index,Eamena
FROM:029,9350 BC,,FROM_DATE_AUTHORITY_DOCUMENT.csv,Index,Eamena
FROM:030,9300 BC,,FROM_DATE_AUTHORITY_DOCUMENT.csv,Index,Eamena
FROM:031,9250 BC,,FROM_DATE_AUTHORITY_DOCUMENT.csv,Index,Eamena
FROM:032,9200 BC,,FROM_DATE_AUTHORITY_DOCUMENT.csv,Index,Eamena
FROM:033,9150 BC,,FROM_DATE_AUTHORITY_DOCUMENT.csv,Index,Eamena
FROM:034,9100 BC,,FROM_DATE_AUTHORITY_DOCUMENT.csv,Index,Eamena
FROM:035,9050 BC,,FROM_DATE_AUTHORITY_DOCUMENT.csv,Index,Eamena
FROM:036,9000 BC,,FROM_DATE_AUTHORITY_DOCUMENT.csv,Index,Eamena
FROM:037,8950 BC,,FROM_DATE_AUTHORITY_DOCUMENT.csv,Index,Eamena
FROM:038,8900 BC,,FROM_DATE_AUTHORITY_DOCUMENT.csv,Index,Eamena
FROM:039,8850 BC,,FROM_DATE_AUTHORITY_DOCUMENT.csv,Index,Eamena
FROM:040,8800 BC,,FROM_DATE_AUTHORITY_DOCUMENT.csv,Index,Eamena
FROM:041,8750 BC,,FROM_DATE_AUTHORITY_DOCUMENT.csv,Index,Eamena
FROM:042,8700 BC,,FROM_DATE_AUTHORITY_DOCUMENT.csv,Index,Eamena
FROM:043,8650 BC,,FROM_DATE_AUTHORITY_DOCUMENT.csv,Index,Eamena
FROM:044,8600 BC,,FROM_DATE_AUTHORITY_DOCUMENT.csv,Index,Eamena
FROM:045,8550 BC,,FROM_DATE_AUTHORITY_DOCUMENT.csv,Index,Eamena
FROM:046,8500 BC,,FROM_DATE_AUTHORITY_DOCUMENT.csv,Index,Eamena
FROM:047,8450 BC,,FROM_DATE_AUTHORITY_DOCUMENT.csv,Index,Eamena
FROM:048,8400 BC,,FROM_DATE_AUTHORITY_DOCUMENT.csv,Index,Eamena
FROM:049,8350 BC,,FROM_DATE_AUTHORITY_DOCUMENT.csv,Index,Eamena
FROM:050,8300 BC,,FROM_DATE_AUTHORITY_DOCUMENT.csv,Index,Eamena
FROM:051,8250 BC,,FROM_DATE_AUTHORITY_DOCUMENT.csv,Index,Eamena
FROM:052,8200 BC,,FROM_DATE_AUTHORITY_DOCUMENT.csv,Index,Eamena
FROM:053,8150 BC,,FROM_DATE_AUTHORITY_DOCUMENT.csv,Index,Eamena
FROM:054,8100 BC,,FROM_DATE_AUTHORITY_DOCUMENT.csv,Index,Eamena
FROM:055,8050 BC,,FROM_DATE_AUTHORITY_DOCUMENT.csv,Index,Eamena
FROM:056,8000 BC,,FROM_DATE_AUTHORITY_DOCUMENT.csv,Index,Eamena
FROM:057,7950 BC,,FROM_DATE_AUTHORITY_DOCUMENT.csv,Index,Eamena
FROM:058,7900 BC,,FROM_DATE_AUTHORITY_DOCUMENT.csv,Index,Eamena
FROM:059,7850 BC,,FROM_DATE_AUTHORITY_DOCUMENT.csv,Index,Eamena
FROM:060,7800 BC,,FROM_DATE_AUTHORITY_DOCUMENT.csv,Index,Eamena
FROM:061,7750 BC,,FROM_DATE_AUTHORITY_DOCUMENT.csv,Index,Eamena
FROM:062,7700 BC,,FROM_DATE_AUTHORITY_DOCUMENT.csv,Index,Eamena
FROM:063,7650 BC,,FROM_DATE_AUTHORITY_DOCUMENT.csv,Index,Eamena
FROM:064,7600 BC,,FROM_DATE_AUTHORITY_DOCUMENT.csv,Index,Eamena
FROM:065,7550 BC,,FROM_DATE_AUTHORITY_DOCUMENT.csv,Index,Eamena
FROM:066,7500 BC,,FROM_DATE_AUTHORITY_DOCUMENT.csv,Index,Eamena
FROM:067,7450 BC,,FROM_DATE_AUTHORITY_DOCUMENT.csv,Index,Eamena
FROM:068,7400 BC,,FROM_DATE_AUTHORITY_DOCUMENT.csv,Index,Eamena
FROM:069,7350 BC,,FROM_DATE_AUTHORITY_DOCUMENT.csv,Index,Eamena
FROM:070,7300 BC,,FROM_DATE_AUTHORITY_DOCUMENT.csv,Index,Eamena
FROM:071,7250 BC,,FROM_DATE_AUTHORITY_DOCUMENT.csv,Index,Eamena
FROM:072,7200 BC,,FROM_DATE_AUTHORITY_DOCUMENT.csv,Index,Eamena
FROM:073,7150 BC,,FROM_DATE_AUTHORITY_DOCUMENT.csv,Index,Eamena
FROM:074,7100 BC,,FROM_DATE_AUTHORITY_DOCUMENT.csv,Index,Eamena
FROM:075,7050 BC,,FROM_DATE_AUTHORITY_DOCUMENT.csv,Index,Eamena
FROM:076,7000 BC,,FROM_DATE_AUTHORITY_DOCUMENT.csv,Index,Eamena
FROM:077,6950 BC,,FROM_DATE_AUTHORITY_DOCUMENT.csv,Index,Eamena
FROM:078,6900 BC,,FROM_DATE_AUTHORITY_DOCUMENT.csv,Index,Eamena
FROM:079,6850 BC,,FROM_DATE_AUTHORITY_DOCUMENT.csv,Index,Eamena
FROM:080,6800 BC,,FROM_DATE_AUTHORITY_DOCUMENT.csv,Index,Eamena
FROM:081,6750 BC,,FROM_DATE_AUTHORITY_DOCUMENT.csv,Index,Eamena
FROM:082,6700 BC,,FROM_DATE_AUTHORITY_DOCUMENT.csv,Index,Eamena
FROM:083,6650 BC,,FROM_DATE_AUTHORITY_DOCUMENT.csv,Index,Eamena
FROM:084,6600 BC,,FROM_DATE_AUTHORITY_DOCUMENT.csv,Index,Eamena
FROM:085,6550 BC,,FROM_DATE_AUTHORITY_DOCUMENT.csv,Index,Eamena
FROM:086,6500 BC,,FROM_DATE_AUTHORITY_DOCUMENT.csv,Index,Eamena
FROM:087,6450 BC,,FROM_DATE_AUTHORITY_DOCUMENT.csv,Index,Eamena
FROM:088,6400 BC,,FROM_DATE_AUTHORITY_DOCUMENT.csv,Index,Eamena
FROM:089,6350 BC,,FROM_DATE_AUTHORITY_DOCUMENT.csv,Index,Eamena
FROM:090,6300 BC,,FROM_DATE_AUTHORITY_DOCUMENT.csv,Index,Eamena
FROM:091,6250 BC,,FROM_DATE_AUTHORITY_DOCUMENT.csv,Index,Eamena
FROM:092,6200 BC,,FROM_DATE_AUTHORITY_DOCUMENT.csv,Index,Eamena
FROM:093,6150 BC,,FROM_DATE_AUTHORITY_DOCUMENT.csv,Index,Eamena
FROM:094,6100 BC,,FROM_DATE_AUTHORITY_DOCUMENT.csv,Index,Eamena
FROM:095,6050 BC,,FROM_DATE_AUTHORITY_DOCUMENT.csv,Index,Eamena
FROM:096,6000 BC,,FROM_DATE_AUTHORITY_DOCUMENT.csv,Index,Eamena
FROM:097,5950 BC,,FROM_DATE_AUTHORITY_DOCUMENT.csv,Index,Eamena
FROM:098,5900 BC,,FROM_DATE_AUTHORITY_DOCUMENT.csv,Index,Eamena
FROM:099,5850 BC,,FROM_DATE_AUTHORITY_DOCUMENT.csv,Index,Eamena
FROM:100,5800 BC,,FROM_DATE_AUTHORITY_DOCUMENT.csv,Index,Eamena
FROM:101,5750 BC,,FROM_DATE_AUTHORITY_DOCUMENT.csv,Index,Eamena
FROM:102,5700 BC,,FROM_DATE_AUTHORITY_DOCUMENT.csv,Index,Eamena
FROM:103,5650 BC,,FROM_DATE_AUTHORITY_DOCUMENT.csv,Index,Eamena
FROM:104,5600 BC,,FROM_DATE_AUTHORITY_DOCUMENT.csv,Index,Eamena
FROM:105,5550 BC,,FROM_DATE_AUTHORITY_DOCUMENT.csv,Index,Eamena
FROM:106,5500 BC,,FROM_DATE_AUTHORITY_DOCUMENT.csv,Index,Eamena
FROM:107,5450 BC,,FROM_DATE_AUTHORITY_DOCUMENT.csv,Index,Eamena
FROM:108,5400 BC,,FROM_DATE_AUTHORITY_DOCUMENT.csv,Index,Eamena
FROM:109,5350 BC,,FROM_DATE_AUTHORITY_DOCUMENT.csv,Index,Eamena
FROM:110,5300 BC,,FROM_DATE_AUTHORITY_DOCUMENT.csv,Index,Eamena
FROM:111,5250 BC,,FROM_DATE_AUTHORITY_DOCUMENT.csv,Index,Eamena
FROM:112,5200 BC,,FROM_DATE_AUTHORITY_DOCUMENT.csv,Index,Eamena
FROM:113,5150 BC,,FROM_DATE_AUTHORITY_DOCUMENT.csv,Index,Eamena
FROM:114,5100 BC,,FROM_DATE_AUTHORITY_DOCUMENT.csv,Index,Eamena
FROM:115,5050 BC,,FROM_DATE_AUTHORITY_DOCUMENT.csv,Index,Eamena
FROM:116,5000 BC,,FROM_DATE_AUTHORITY_DOCUMENT.csv,Index,Eamena
FROM:117,4950 BC,,FROM_DATE_AUTHORITY_DOCUMENT.csv,Index,Eamena
FROM:118,4900 BC,,FROM_DATE_AUTHORITY_DOCUMENT.csv,Index,Eamena
FROM:119,4850 BC,,FROM_DATE_AUTHORITY_DOCUMENT.csv,Index,Eamena
FROM:120,4800 BC,,FROM_DATE_AUTHORITY_DOCUMENT.csv,Index,Eamena
FROM:121,4750 BC,,FROM_DATE_AUTHORITY_DOCUMENT.csv,Index,Eamena
FROM:122,4700 BC,,FROM_DATE_AUTHORITY_DOCUMENT.csv,Index,Eamena
FROM:123,4650 BC,,FROM_DATE_AUTHORITY_DOCUMENT.csv,Index,Eamena
FROM:124,4600 BC,,FROM_DATE_AUTHORITY_DOCUMENT.csv,Index,Eamena
FROM:125,4550 BC,,FROM_DATE_AUTHORITY_DOCUMENT.csv,Index,Eamena
FROM:126,4500 BC,,FROM_DATE_AUTHORITY_DOCUMENT.csv,Index,Eamena
FROM:127,4450 BC,,FROM_DATE_AUTHORITY_DOCUMENT.csv,Index,Eamena
FROM:128,4400 BC,,FROM_DATE_AUTHORITY_DOCUMENT.csv,Index,Eamena
FROM:129,4350 BC,,FROM_DATE_AUTHORITY_DOCUMENT.csv,Index,Eamena
FROM:130,4300 BC,,FROM_DATE_AUTHORITY_DOCUMENT.csv,Index,Eamena
FROM:131,4250 BC,,FROM_DATE_AUTHORITY_DOCUMENT.csv,Index,Eamena
FROM:132,4200 BC,,FROM_DATE_AUTHORITY_DOCUMENT.csv,Index,Eamena
FROM:133,4150 BC,,FROM_DATE_AUTHORITY_DOCUMENT.csv,Index,Eamena
FROM:134,4100 BC,,FROM_DATE_AUTHORITY_DOCUMENT.csv,Index,Eamena
FROM:135,4050 BC,,FROM_DATE_AUTHORITY_DOCUMENT.csv,Index,Eamena
FROM:136,4000 BC,,FROM_DATE_AUTHORITY_DOCUMENT.csv,Index,Eamena
FROM:137,3950 BC,,FROM_DATE_AUTHORITY_DOCUMENT.csv,Index,Eamena
FROM:138,3900 BC,,FROM_DATE_AUTHORITY_DOCUMENT.csv,Index,Eamena
FROM:139,3850 BC,,FROM_DATE_AUTHORITY_DOCUMENT.csv,Index,Eamena
FROM:140,3800 BC,,FROM_DATE_AUTHORITY_DOCUMENT.csv,Index,Eamena
FROM:141,3750 BC,,FROM_DATE_AUTHORITY_DOCUMENT.csv,Index,Eamena
FROM:142,3700 BC,,FROM_DATE_AUTHORITY_DOCUMENT.csv,Index,Eamena
FROM:143,3650 BC,,FROM_DATE_AUTHORITY_DOCUMENT.csv,Index,Eamena
FROM:144,3600 BC,,FROM_DATE_AUTHORITY_DOCUMENT.csv,Index,Eamena
FROM:145,3550 BC,,FROM_DATE_AUTHORITY_DOCUMENT.csv,Index,Eamena
FROM:146,3500 BC,,FROM_DATE_AUTHORITY_DOCUMENT.csv,Index,Eamena
FROM:147,3450 BC,,FROM_DATE_AUTHORITY_DOCUMENT.csv,Index,Eamena
FROM:148,3400 BC,,FROM_DATE_AUTHORITY_DOCUMENT.csv,Index,Eamena
FROM:149,3350 BC,,FROM_DATE_AUTHORITY_DOCUMENT.csv,Index,Eamena
FROM:150,3300 BC,,FROM_DATE_AUTHORITY_DOCUMENT.csv,Index,Eamena
FROM:151,3250 BC,,FROM_DATE_AUTHORITY_DOCUMENT.csv,Index,Eamena
FROM:152,3200 BC,,FROM_DATE_AUTHORITY_DOCUMENT.csv,Index,Eamena
FROM:153,3150 BC,,FROM_DATE_AUTHORITY_DOCUMENT.csv,Index,Eamena
FROM:154,3100 BC,,FROM_DATE_AUTHORITY_DOCUMENT.csv,Index,Eamena
FROM:155,3050 BC,,FROM_DATE_AUTHORITY_DOCUMENT.csv,Index,Eamena
FROM:156,3000 BC,,FROM_DATE_AUTHORITY_DOCUMENT.csv,Index,Eamena
FROM:157,2950 BC,,FROM_DATE_AUTHORITY_DOCUMENT.csv,Index,Eamena
FROM:158,2900 BC,,FROM_DATE_AUTHORITY_DOCUMENT.csv,Index,Eamena
FROM:159,2890 BC,,FROM_DATE_AUTHORITY_DOCUMENT.csv,Index,Eamena
FROM:160,2850 BC,,FROM_DATE_AUTHORITY_DOCUMENT.csv,Index,Eamena
FROM:161,2800 BC,,FROM_DATE_AUTHORITY_DOCUMENT.csv,Index,Eamena
FROM:162,2750 BC,,FROM_DATE_AUTHORITY_DOCUMENT.csv,Index,Eamena
FROM:163,2700 BC,,FROM_DATE_AUTHORITY_DOCUMENT.csv,Index,Eamena
FROM:164,2686 BC,,FROM_DATE_AUTHORITY_DOCUMENT.csv,Index,Eamena
FROM:165,2650 BC,,FROM_DATE_AUTHORITY_DOCUMENT.csv,Index,Eamena
FROM:166,2613 BC,,FROM_DATE_AUTHORITY_DOCUMENT.csv,Index,Eamena
FROM:167,2600 BC,,FROM_DATE_AUTHORITY_DOCUMENT.csv,Index,Eamena
FROM:168,2550 BC,,FROM_DATE_AUTHORITY_DOCUMENT.csv,Index,Eamena
FROM:169,2500 BC,,FROM_DATE_AUTHORITY_DOCUMENT.csv,Index,Eamena
FROM:170,2494 BC,,FROM_DATE_AUTHORITY_DOCUMENT.csv,Index,Eamena
FROM:171,2450 BC,,FROM_DATE_AUTHORITY_DOCUMENT.csv,Index,Eamena
FROM:172,2400 BC,,FROM_DATE_AUTHORITY_DOCUMENT.csv,Index,Eamena
FROM:173,2350 BC,,FROM_DATE_AUTHORITY_DOCUMENT.csv,Index,Eamena
FROM:174,2345 BC,,FROM_DATE_AUTHORITY_DOCUMENT.csv,Index,Eamena
FROM:175,2300 BC,,FROM_DATE_AUTHORITY_DOCUMENT.csv,Index,Eamena
FROM:176,2250 BC,,FROM_DATE_AUTHORITY_DOCUMENT.csv,Index,Eamena
FROM:177,2200 BC,,FROM_DATE_AUTHORITY_DOCUMENT.csv,Index,Eamena
FROM:178,2181 BC,,FROM_DATE_AUTHORITY_DOCUMENT.csv,Index,Eamena
FROM:179,2160 BC,,FROM_DATE_AUTHORITY_DOCUMENT.csv,Index,Eamena
FROM:180,2150 BC,,FROM_DATE_AUTHORITY_DOCUMENT.csv,Index,Eamena
FROM:181,2125 BC,,FROM_DATE_AUTHORITY_DOCUMENT.csv,Index,Eamena
FROM:182,2100 BC,,FROM_DATE_AUTHORITY_DOCUMENT.csv,Index,Eamena
FROM:183,2055 BC,,FROM_DATE_AUTHORITY_DOCUMENT.csv,Index,Eamena
FROM:184,2050 BC,,FROM_DATE_AUTHORITY_DOCUMENT.csv,Index,Eamena
FROM:185,2000 BC,,FROM_DATE_AUTHORITY_DOCUMENT.csv,Index,Eamena
FROM:186,1985 BC,,FROM_DATE_AUTHORITY_DOCUMENT.csv,Index,Eamena
FROM:187,1950 BC,,FROM_DATE_AUTHORITY_DOCUMENT.csv,Index,Eamena
FROM:188,1900 BC,,FROM_DATE_AUTHORITY_DOCUMENT.csv,Index,Eamena
FROM:189,1850 BC,,FROM_DATE_AUTHORITY_DOCUMENT.csv,Index,Eamena
FROM:190,1800 BC,,FROM_DATE_AUTHORITY_DOCUMENT.csv,Index,Eamena
FROM:191,1773 BC,,FROM_DATE_AUTHORITY_DOCUMENT.csv,Index,Eamena
FROM:192,1750 BC,,FROM_DATE_AUTHORITY_DOCUMENT.csv,Index,Eamena
FROM:193,1700 BC,,FROM_DATE_AUTHORITY_DOCUMENT.csv,Index,Eamena
FROM:194,1650 BC,,FROM_DATE_AUTHORITY_DOCUMENT.csv,Index,Eamena
FROM:195,1600 BC,,FROM_DATE_AUTHORITY_DOCUMENT.csv,Index,Eamena
FROM:196,1580 BC,,FROM_DATE_AUTHORITY_DOCUMENT.csv,Index,Eamena
FROM:197,1550 BC,,FROM_DATE_AUTHORITY_DOCUMENT.csv,Index,Eamena
FROM:198,1500 BC,,FROM_DATE_AUTHORITY_DOCUMENT.csv,Index,Eamena
FROM:199,1450 BC,,FROM_DATE_AUTHORITY_DOCUMENT.csv,Index,Eamena
FROM:200,1400 BC,,FROM_DATE_AUTHORITY_DOCUMENT.csv,Index,Eamena
FROM:201,1350 BC,,FROM_DATE_AUTHORITY_DOCUMENT.csv,Index,Eamena
FROM:202,1300 BC,,FROM_DATE_AUTHORITY_DOCUMENT.csv,Index,Eamena
FROM:203,1295 BC,,FROM_DATE_AUTHORITY_DOCUMENT.csv,Index,Eamena
FROM:204,1250 BC,,FROM_DATE_AUTHORITY_DOCUMENT.csv,Index,Eamena
FROM:205,1200 BC,,FROM_DATE_AUTHORITY_DOCUMENT.csv,Index,Eamena
FROM:206,1186 BC,,FROM_DATE_AUTHORITY_DOCUMENT.csv,Index,Eamena
FROM:207,1150 BC,,FROM_DATE_AUTHORITY_DOCUMENT.csv,Index,Eamena
FROM:208,1100 BC,,FROM_DATE_AUTHORITY_DOCUMENT.csv,Index,Eamena
FROM:209,1069 BC,,FROM_DATE_AUTHORITY_DOCUMENT.csv,Index,Eamena
FROM:210,1050 BC,,FROM_DATE_AUTHORITY_DOCUMENT.csv,Index,Eamena
FROM:211,1000 BC,,FROM_DATE_AUTHORITY_DOCUMENT.csv,Index,Eamena
FROM:212,950 BC,,FROM_DATE_AUTHORITY_DOCUMENT.csv,Index,Eamena
FROM:213,945 BC,,FROM_DATE_AUTHORITY_DOCUMENT.csv,Index,Eamena
FROM:214,900 BC,,FROM_DATE_AUTHORITY_DOCUMENT.csv,Index,Eamena
FROM:215,850 BC,,FROM_DATE_AUTHORITY_DOCUMENT.csv,Index,Eamena
FROM:216,818 BC,,FROM_DATE_AUTHORITY_DOCUMENT.csv,Index,Eamena
FROM:217,800 BC,,FROM_DATE_AUTHORITY_DOCUMENT.csv,Index,Eamena
FROM:218,750 BC,,FROM_DATE_AUTHORITY_DOCUMENT.csv,Index,Eamena
FROM:219,747 BC,,FROM_DATE_AUTHORITY_DOCUMENT.csv,Index,Eamena
FROM:220,727 BC,,FROM_DATE_AUTHORITY_DOCUMENT.csv,Index,Eamena
FROM:221,700 BC,,FROM_DATE_AUTHORITY_DOCUMENT.csv,Index,Eamena
FROM:222,664 BC,,FROM_DATE_AUTHORITY_DOCUMENT.csv,Index,Eamena
FROM:223,650 BC,,FROM_DATE_AUTHORITY_DOCUMENT.csv,Index,Eamena
FROM:224,600 BC,,FROM_DATE_AUTHORITY_DOCUMENT.csv,Index,Eamena
FROM:225,550 BC,,FROM_DATE_AUTHORITY_DOCUMENT.csv,Index,Eamena
FROM:226,525 BC,,FROM_DATE_AUTHORITY_DOCUMENT.csv,Index,Eamena
FROM:227,500 BC,,FROM_DATE_AUTHORITY_DOCUMENT.csv,Index,Eamena
FROM:228,450 BC,,FROM_DATE_AUTHORITY_DOCUMENT.csv,Index,Eamena
FROM:229,404 BC,,FROM_DATE_AUTHORITY_DOCUMENT.csv,Index,Eamena
FROM:230,400 BC,,FROM_DATE_AUTHORITY_DOCUMENT.csv,Index,Eamena
FROM:231,399 BC,,FROM_DATE_AUTHORITY_DOCUMENT.csv,Index,Eamena
FROM:232,380 BC,,FROM_DATE_AUTHORITY_DOCUMENT.csv,Index,Eamena
FROM:233,350 BC,,FROM_DATE_AUTHORITY_DOCUMENT.csv,Index,Eamena
FROM:234,343 BC,,FROM_DATE_AUTHORITY_DOCUMENT.csv,Index,Eamena
FROM:235,332 BC,,FROM_DATE_AUTHORITY_DOCUMENT.csv,Index,Eamena
FROM:236,323 BC,,FROM_DATE_AUTHORITY_DOCUMENT.csv,Index,Eamena
FROM:237,312 BC,,FROM_DATE_AUTHORITY_DOCUMENT.csv,Index,Eamena
FROM:238,300 BC,,FROM_DATE_AUTHORITY_DOCUMENT.csv,Index,Eamena
FROM:239,250 BC,,FROM_DATE_AUTHORITY_DOCUMENT.csv,Index,Eamena
FROM:240,238 BC,,FROM_DATE_AUTHORITY_DOCUMENT.csv,Index,Eamena
FROM:241,200 BC,,FROM_DATE_AUTHORITY_DOCUMENT.csv,Index,Eamena
FROM:242,160 BC,,FROM_DATE_AUTHORITY_DOCUMENT.csv,Index,Eamena
FROM:243,150 BC,,FROM_DATE_AUTHORITY_DOCUMENT.csv,Index,Eamena
FROM:244,146 BC,,FROM_DATE_AUTHORITY_DOCUMENT.csv,Index,Eamena
FROM:245,100 BC,,FROM_DATE_AUTHORITY_DOCUMENT.csv,Index,Eamena
FROM:246,96 BC,,FROM_DATE_AUTHORITY_DOCUMENT.csv,Index,Eamena
FROM:247,50 BC,,FROM_DATE_AUTHORITY_DOCUMENT.csv,Index,Eamena
FROM:248,30 BC,,FROM_DATE_AUTHORITY_DOCUMENT.csv,Index,Eamena
FROM:249,25 BC,,FROM_DATE_AUTHORITY_DOCUMENT.csv,Index,Eamena
FROM:250,0 BC,,FROM_DATE_AUTHORITY_DOCUMENT.csv,Index,Eamena
FROM:251,AD 1,,FROM_DATE_AUTHORITY_DOCUMENT.csv,Index,Eamena
FROM:252,AD 27,,FROM_DATE_AUTHORITY_DOCUMENT.csv,Index,Eamena
FROM:253,AD 31,,FROM_DATE_AUTHORITY_DOCUMENT.csv,Index,Eamena
FROM:254,AD 42,,FROM_DATE_AUTHORITY_DOCUMENT.csv,Index,Eamena
FROM:255,AD 50,,FROM_DATE_AUTHORITY_DOCUMENT.csv,Index,Eamena
FROM:256,AD 69,,FROM_DATE_AUTHORITY_DOCUMENT.csv,Index,Eamena
FROM:257,AD 96,,FROM_DATE_AUTHORITY_DOCUMENT.csv,Index,Eamena
FROM:258,AD 100,,FROM_DATE_AUTHORITY_DOCUMENT.csv,Index,Eamena
FROM:259,AD 150,,FROM_DATE_AUTHORITY_DOCUMENT.csv,Index,Eamena
FROM:260,AD 193,,FROM_DATE_AUTHORITY_DOCUMENT.csv,Index,Eamena
FROM:261,AD 200,,FROM_DATE_AUTHORITY_DOCUMENT.csv,Index,Eamena
FROM:262,AD 224,,FROM_DATE_AUTHORITY_DOCUMENT.csv,Index,Eamena
FROM:263,AD 235,,FROM_DATE_AUTHORITY_DOCUMENT.csv,Index,Eamena
FROM:264,AD 250,,FROM_DATE_AUTHORITY_DOCUMENT.csv,Index,Eamena
FROM:265,AD 282,,FROM_DATE_AUTHORITY_DOCUMENT.csv,Index,Eamena
FROM:266,AD 285,,FROM_DATE_AUTHORITY_DOCUMENT.csv,Index,Eamena
FROM:267,AD 300,,FROM_DATE_AUTHORITY_DOCUMENT.csv,Index,Eamena
FROM:268,AD 307,,FROM_DATE_AUTHORITY_DOCUMENT.csv,Index,Eamena
FROM:269,AD 350,,FROM_DATE_AUTHORITY_DOCUMENT.csv,Index,Eamena
FROM:270,AD 363,,FROM_DATE_AUTHORITY_DOCUMENT.csv,Index,Eamena
FROM:271,AD 394,,FROM_DATE_AUTHORITY_DOCUMENT.csv,Index,Eamena
FROM:272,AD 395,,FROM_DATE_AUTHORITY_DOCUMENT.csv,Index,Eamena
FROM:273,AD 400,,FROM_DATE_AUTHORITY_DOCUMENT.csv,Index,Eamena
FROM:274,AD 430,,FROM_DATE_AUTHORITY_DOCUMENT.csv,Index,Eamena
FROM:275,AD 450,,FROM_DATE_AUTHORITY_DOCUMENT.csv,Index,Eamena
FROM:276,AD 500,,FROM_DATE_AUTHORITY_DOCUMENT.csv,Index,Eamena
FROM:277,AD 533,,FROM_DATE_AUTHORITY_DOCUMENT.csv,Index,Eamena
FROM:278,AD 550,,FROM_DATE_AUTHORITY_DOCUMENT.csv,Index,Eamena
FROM:279,AD 600,,FROM_DATE_AUTHORITY_DOCUMENT.csv,Index,Eamena
FROM:280,AD 610,,FROM_DATE_AUTHORITY_DOCUMENT.csv,Index,Eamena
FROM:281,AD 640,,FROM_DATE_AUTHORITY_DOCUMENT.csv,Index,Eamena
FROM:282,AD 641,,FROM_DATE_AUTHORITY_DOCUMENT.csv,Index,Eamena
FROM:283,AD 650,,FROM_DATE_AUTHORITY_DOCUMENT.csv,Index,Eamena
FROM:284,AD 670,,FROM_DATE_AUTHORITY_DOCUMENT.csv,Index,Eamena
FROM:285,AD 700,,FROM_DATE_AUTHORITY_DOCUMENT.csv,Index,Eamena
FROM:286,AD 750,,FROM_DATE_AUTHORITY_DOCUMENT.csv,Index,Eamena
FROM:287,AD 800,,FROM_DATE_AUTHORITY_DOCUMENT.csv,Index,Eamena
FROM:288,AD 850,,FROM_DATE_AUTHORITY_DOCUMENT.csv,Index,Eamena
FROM:289,AD 868,,FROM_DATE_AUTHORITY_DOCUMENT.csv,Index,Eamena
FROM:290,AD 900,,FROM_DATE_AUTHORITY_DOCUMENT.csv,Index,Eamena
FROM:291,AD 950,,FROM_DATE_AUTHORITY_DOCUMENT.csv,Index,Eamena
FROM:292,AD 969,,FROM_DATE_AUTHORITY_DOCUMENT.csv,Index,Eamena
FROM:293,AD 1000,,FROM_DATE_AUTHORITY_DOCUMENT.csv,Index,Eamena
FROM:294,AD 1050,,FROM_DATE_AUTHORITY_DOCUMENT.csv,Index,Eamena
FROM:295,AD 1060,,FROM_DATE_AUTHORITY_DOCUMENT.csv,Index,Eamena
FROM:296,AD 1070,,FROM_DATE_AUTHORITY_DOCUMENT.csv,Index,Eamena
FROM:297,AD 1100,,FROM_DATE_AUTHORITY_DOCUMENT.csv,Index,Eamena
FROM:298,AD 1150,,FROM_DATE_AUTHORITY_DOCUMENT.csv,Index,Eamena
FROM:299,AD 1171,,FROM_DATE_AUTHORITY_DOCUMENT.csv,Index,Eamena
FROM:300,AD 1200,,FROM_DATE_AUTHORITY_DOCUMENT.csv,Index,Eamena
FROM:301,AD 1250,,FROM_DATE_AUTHORITY_DOCUMENT.csv,Index,Eamena
FROM:302,AD 1260,,FROM_DATE_AUTHORITY_DOCUMENT.csv,Index,Eamena
FROM:303,AD 1300,,FROM_DATE_AUTHORITY_DOCUMENT.csv,Index,Eamena
FROM:304,AD 1350,,FROM_DATE_AUTHORITY_DOCUMENT.csv,Index,Eamena
FROM:305,AD 1382,,FROM_DATE_AUTHORITY_DOCUMENT.csv,Index,Eamena
FROM:306,AD 1400,,FROM_DATE_AUTHORITY_DOCUMENT.csv,Index,Eamena
FROM:307,AD 1450,,FROM_DATE_AUTHORITY_DOCUMENT.csv,Index,Eamena
FROM:308,AD 1500,,FROM_DATE_AUTHORITY_DOCUMENT.csv,Index,Eamena
FROM:309,AD 1517,,FROM_DATE_AUTHORITY_DOCUMENT.csv,Index,Eamena
FROM:310,AD 1525,,FROM_DATE_AUTHORITY_DOCUMENT.csv,Index,Eamena
FROM:311,AD 1549,,FROM_DATE_AUTHORITY_DOCUMENT.csv,Index,Eamena
FROM:312,AD 1550,,FROM_DATE_AUTHORITY_DOCUMENT.csv,Index,Eamena
FROM:313,AD 1574,,FROM_DATE_AUTHORITY_DOCUMENT.csv,Index,Eamena
FROM:314,AD 1600,,FROM_DATE_AUTHORITY_DOCUMENT.csv,Index,Eamena
FROM:315,AD 1650,,FROM_DATE_AUTHORITY_DOCUMENT.csv,Index,Eamena
FROM:316,AD 1700,,FROM_DATE_AUTHORITY_DOCUMENT.csv,Index,Eamena
FROM:317,AD 1750,,FROM_DATE_AUTHORITY_DOCUMENT.csv,Index,Eamena
FROM:318,AD 1798,,FROM_DATE_AUTHORITY_DOCUMENT.csv,Index,Eamena
FROM:319,AD 1800,,FROM_DATE_AUTHORITY_DOCUMENT.csv,Index,Eamena
FROM:320,AD 1830,,FROM_DATE_AUTHORITY_DOCUMENT.csv,Index,Eamena
FROM:321,AD 1850,,FROM_DATE_AUTHORITY_DOCUMENT.csv,Index,Eamena
FROM:322,AD 1880,,FROM_DATE_AUTHORITY_DOCUMENT.csv,Index,Eamena
FROM:323,AD 1882,,FROM_DATE_AUTHORITY_DOCUMENT.csv,Index,Eamena
FROM:324,AD 1900,,FROM_DATE_AUTHORITY_DOCUMENT.csv,Index,Eamena
FROM:325,AD 1912,,FROM_DATE_AUTHORITY_DOCUMENT.csv,Index,Eamena
FROM:326,AD 1914,,FROM_DATE_AUTHORITY_DOCUMENT.csv,Index,Eamena
FROM:327,AD 1922,,FROM_DATE_AUTHORITY_DOCUMENT.csv,Index,Eamena
FROM:328,AD 1939,,FROM_DATE_AUTHORITY_DOCUMENT.csv,Index,Eamena
FROM:329,AD 1945,,FROM_DATE_AUTHORITY_DOCUMENT.csv,Index,Eamena
FROM:330,AD 1950,,FROM_DATE_AUTHORITY_DOCUMENT.csv,Index,Eamena
FROM:331,AD 1951,,FROM_DATE_AUTHORITY_DOCUMENT.csv,Index,Eamena
FROM:332,AD 1952,,FROM_DATE_AUTHORITY_DOCUMENT.csv,Index,Eamena
FROM:333,AD 1956,,FROM_DATE_AUTHORITY_DOCUMENT.csv,Index,Eamena
FROM:334,AD 1960,,FROM_DATE_AUTHORITY_DOCUMENT.csv,Index,Eamena
FROM:335,AD 1962,,FROM_DATE_AUTHORITY_DOCUMENT.csv,Index,Eamena
FROM:336,AD 2000,,FROM_DATE_AUTHORITY_DOCUMENT.csv,Index,Eamena
FROM:337,AD 2050,,FROM_DATE_AUTHORITY_DOCUMENT.csv,Index,Eamena
